{
  "train": [
    0.5142399493717786,
    0.47702552674910725,
    0.3637174069317001,
    0.2897976490294004,
    0.26323088606843703,
    0.25160284689123624,
    0.24476480958136645,
    0.24068782747888462,
    0.23804163970295097,
    0.23554647006336357,
    0.23380030884742092,
    0.23338636399944238,
    0.23226599167887266,
    0.2312042200816916,
    0.2307004031535738,
    0.22993592950172756,
    0.22818288604176534,
    0.2271585182661747,
    0.2236271020049205,
    0.22204265569727788,
    0.221434211439062,
    0.2210057999583937,
    0.2196132479703207,
    0.22027446314676372,
    0.2186604326195789,
    0.21942185276304876,
    0.21944082320720215,
    0.21935133240084886,
    0.21990184225464537,
    0.2192941504163724,
    0.2191317051737791,
    0.2178574146791583,
    0.2167269161849956,
    0.21530039241190727,
    0.2159770925799425,
    0.21475739680327377,
    0.21515016813734264,
    0.21509963143375013,
    0.2141353940728294,
    0.21470809187659454,
    0.21271444187858404,
    0.21291198375840464,
    0.21289149875393806,
    0.21465188324112783,
    0.21412256889012984,
    0.21322310043426304,
    0.21171914957850785,
    0.21075351907190307,
    0.21096339988727847,
    0.21155670306592922,
    0.21126076992343126,
    0.21171647462252027,
    0.2119283585797076,
    0.21167154535973742
  ],
  "val": [
    0.500886526965147,
    0.4699078833629444,
    0.41772275004650966,
    0.39243992659526805,
    0.37805734145797903,
    0.3638469362919069,
    0.29563633306761944,
    0.24906300357947928,
    0.24144697498251116,
    0.238926946725412,
    0.24342839012003809,
    0.1675785234053168,
    0.2073252179498236,
    0.20645533909939856,
    0.1792326358602874,
    0.18397846948097563,
    0.17221337867874942,
    0.228906075889691,
    0.1880214300441708,
    0.17187314117932345,
    0.1503694932702843,
    0.16383275180198134,
    0.16102253041836145,
    0.17246453747031618,
    0.1817959610413777,
    0.14620068049363139,
    0.1553323068515519,
    0.17324350913408,
    0.1658106294662596,
    0.1490160331241112,
    0.15698006814745752,
    0.17430923853226912,
    0.16400762102812963,
    0.18535590370707702,
    0.1498185190106691,
    0.15596859972232363,
    0.2100154926876756,
    0.17486568388255047,
    0.142515515155474,
    0.1564976746705055,
    0.1464685889626802,
    0.15134682943518804,
    0.16683926656815784,
    0.15696214417172188,
    0.1469398009722056,
    0.16105439532171295,
    0.1504203860307781,
    0.15127603422465544,
    0.1709564539994337,
    0.15774101457952988,
    0.1548235169276304,
    0.14502117120292876,
    0.1441459369058511,
    0.1534783142993414
  ]
}